{
  "total_duration_sec": 0.75,
  "rows_input": 305,
  "rows_output": 305,
  "rows_dlq": 0,
  "error_rate": 0.0,
  "overall_rows_per_sec": 407.2,
  "stages": {
    "extract": {
      "start": 60.216916202,
      "duration_sec": 0.398,
      "rows": 305,
      "rows_per_sec": 766.0
    },
    "load": {
      "start": 60.647573888,
      "duration_sec": 0.026,
      "rows": 305,
      "rows_per_sec": 11739.1
    }
  },
  "pipeline_id": "fe8687f2-6463-4cc5-9f27-eed42d75b2ac",
  "generated_utc": "2026-07-16T08:14:38.604623+00:00"
}