{
  "total_duration_sec": 0.8,
  "rows_input": 226,
  "rows_output": 226,
  "rows_dlq": 0,
  "error_rate": 0.0,
  "overall_rows_per_sec": 283.8,
  "stages": {
    "extract": {
      "start": 82.00421685,
      "duration_sec": 0.462,
      "rows": 226,
      "rows_per_sec": 489.1
    },
    "load": {
      "start": 82.497351273,
      "duration_sec": 0.021,
      "rows": 226,
      "rows_per_sec": 10577.3
    }
  },
  "pipeline_id": "ac37256d-5813-4468-aa95-0ede2f37f497",
  "generated_utc": "2026-07-21T08:30:01.347515+00:00"
}