{
  "total_duration_sec": 0.72,
  "rows_input": 295,
  "rows_output": 295,
  "rows_dlq": 0,
  "error_rate": 0.0,
  "overall_rows_per_sec": 409.4,
  "stages": {
    "extract": {
      "start": 182.192452729,
      "duration_sec": 0.371,
      "rows": 295,
      "rows_per_sec": 795.4
    },
    "load": {
      "start": 182.598971048,
      "duration_sec": 0.02,
      "rows": 295,
      "rows_per_sec": 14491.4
    }
  },
  "pipeline_id": "3f19b76e-93a3-4fa6-a648-30bdbfebe413",
  "generated_utc": "2026-06-23T09:41:08.220783+00:00"
}