{
  "total_duration_sec": 1.1,
  "rows_input": 216,
  "rows_output": 216,
  "rows_dlq": 0,
  "error_rate": 0.0,
  "overall_rows_per_sec": 196.7,
  "stages": {
    "extract": {
      "start": 66.276312866,
      "duration_sec": 0.456,
      "rows": 216,
      "rows_per_sec": 474.2
    },
    "load": {
      "start": 66.766764883,
      "duration_sec": 0.02,
      "rows": 216,
      "rows_per_sec": 10628.6
    }
  },
  "pipeline_id": "c265ef5c-f83c-4858-8620-973b1f3dd443",
  "generated_utc": "2026-07-12T08:18:39.704335+00:00"
}