{
  "total_duration_sec": 1.02,
  "rows_input": 177,
  "rows_output": 177,
  "rows_dlq": 0,
  "error_rate": 0.0,
  "overall_rows_per_sec": 174.1,
  "stages": {
    "extract": {
      "start": 123.579810749,
      "duration_sec": 0.425,
      "rows": 177,
      "rows_per_sec": 416.5
    },
    "load": {
      "start": 124.043308302,
      "duration_sec": 0.019,
      "rows": 177,
      "rows_per_sec": 9114.6
    }
  },
  "pipeline_id": "91a50be5-b4c1-4c3f-8507-8d12f5c8f1ca",
  "generated_utc": "2026-07-20T08:59:15.381464+00:00"
}