{
  "total_duration_sec": 1.12,
  "rows_input": 194,
  "rows_output": 194,
  "rows_dlq": 0,
  "error_rate": 0.0,
  "overall_rows_per_sec": 173.8,
  "stages": {
    "extract": {
      "start": 61.382385503,
      "duration_sec": 0.469,
      "rows": 194,
      "rows_per_sec": 413.2
    },
    "load": {
      "start": 61.883259995,
      "duration_sec": 0.019,
      "rows": 194,
      "rows_per_sec": 9984.8
    }
  },
  "pipeline_id": "005f7a57-2b60-4582-affa-8ff8f16219bc",
  "generated_utc": "2026-07-07T09:42:45.744674+00:00"
}