{
  "total_duration_sec": 0.81,
  "rows_input": 279,
  "rows_output": 279,
  "rows_dlq": 0,
  "error_rate": 0.0,
  "overall_rows_per_sec": 344.9,
  "stages": {
    "extract": {
      "start": 61.363415254,
      "duration_sec": 0.448,
      "rows": 279,
      "rows_per_sec": 623.1
    },
    "load": {
      "start": 61.839528208,
      "duration_sec": 0.02,
      "rows": 279,
      "rows_per_sec": 14286.3
    }
  },
  "pipeline_id": "a396f251-5764-4554-8b92-cbbfd89b75de",
  "generated_utc": "2026-06-25T09:23:35.156209+00:00"
}