{
  "total_duration_sec": 1.2,
  "rows_input": 218,
  "rows_output": 218,
  "rows_dlq": 0,
  "error_rate": 0.0,
  "overall_rows_per_sec": 181.8,
  "stages": {
    "extract": {
      "start": 63.030476212,
      "duration_sec": 0.547,
      "rows": 218,
      "rows_per_sec": 398.6
    },
    "load": {
      "start": 63.610577732,
      "duration_sec": 0.018,
      "rows": 218,
      "rows_per_sec": 12103.6
    }
  },
  "pipeline_id": "0510afd7-47b4-4caf-b1f5-d460c3d57fff",
  "generated_utc": "2026-07-10T09:36:37.538881+00:00"
}