{
  "total_duration_sec": 0.72,
  "rows_input": 319,
  "rows_output": 319,
  "rows_dlq": 0,
  "error_rate": 0.0,
  "overall_rows_per_sec": 445.5,
  "stages": {
    "extract": {
      "start": 57.535593698,
      "duration_sec": 0.382,
      "rows": 319,
      "rows_per_sec": 835.1
    },
    "load": {
      "start": 57.946323617,
      "duration_sec": 0.024,
      "rows": 319,
      "rows_per_sec": 13489.9
    }
  },
  "pipeline_id": "264a435f-5a93-46b1-b20e-d111bd3726b6",
  "generated_utc": "2026-07-14T08:06:09.848263+00:00"
}