{
  "total_duration_sec": 0.76,
  "rows_input": 295,
  "rows_output": 295,
  "rows_dlq": 0,
  "error_rate": 0.0,
  "overall_rows_per_sec": 388.8,
  "stages": {
    "extract": {
      "start": 483.755872133,
      "duration_sec": 0.433,
      "rows": 295,
      "rows_per_sec": 681.0
    },
    "load": {
      "start": 484.21569148,
      "duration_sec": 0.018,
      "rows": 295,
      "rows_per_sec": 16032.9
    }
  },
  "pipeline_id": "725216ac-94e7-4c45-9912-c2c49e041430",
  "generated_utc": "2026-06-24T09:32:03.174372+00:00"
}