{
  "total_duration_sec": 1.93,
  "rows_input": 215,
  "rows_output": 215,
  "rows_dlq": 0,
  "error_rate": 0.0,
  "overall_rows_per_sec": 111.4,
  "stages": {
    "extract": {
      "start": 91.080729249,
      "duration_sec": 0.739,
      "rows": 215,
      "rows_per_sec": 291.0
    },
    "load": {
      "start": 91.85099945,
      "duration_sec": 0.019,
      "rows": 215,
      "rows_per_sec": 11079.0
    }
  },
  "pipeline_id": "d33881e9-e977-474a-8a3b-7891cac5247c",
  "generated_utc": "2026-07-09T09:41:55.815265+00:00"
}