{
  "total_duration_sec": 0.97,
  "rows_input": 214,
  "rows_output": 214,
  "rows_dlq": 0,
  "error_rate": 0.0,
  "overall_rows_per_sec": 220.0,
  "stages": {
    "extract": {
      "start": 911.066702237,
      "duration_sec": 0.426,
      "rows": 214,
      "rows_per_sec": 502.9
    },
    "load": {
      "start": 911.520899849,
      "duration_sec": 0.018,
      "rows": 214,
      "rows_per_sec": 11796.8
    }
  },
  "pipeline_id": "64599f5c-3551-4fd4-a8f4-6ce5d702afa6",
  "generated_utc": "2026-06-27T08:37:40.763301+00:00"
}