{
  "total_duration_sec": 1.13,
  "rows_input": 289,
  "rows_output": 289,
  "rows_dlq": 0,
  "error_rate": 0.0,
  "overall_rows_per_sec": 255.1,
  "stages": {
    "extract": {
      "start": 27849.4298913,
      "duration_sec": 0.604,
      "rows": 289,
      "rows_per_sec": 478.8
    },
    "load": {
      "start": 27850.0785223,
      "duration_sec": 0.072,
      "rows": 289,
      "rows_per_sec": 4040.3
    }
  },
  "pipeline_id": "c7ffcc48-926a-476b-82eb-2922b508b142",
  "generated_utc": "2026-06-23T01:29:37.543837+00:00"
}