{
  "total_duration_sec": 0.94,
  "rows_input": 203,
  "rows_output": 203,
  "rows_dlq": 0,
  "error_rate": 0.0,
  "overall_rows_per_sec": 215.3,
  "stages": {
    "extract": {
      "start": 126.455738421,
      "duration_sec": 0.422,
      "rows": 203,
      "rows_per_sec": 481.5
    },
    "load": {
      "start": 126.904863883,
      "duration_sec": 0.019,
      "rows": 203,
      "rows_per_sec": 10489.9
    }
  },
  "pipeline_id": "130222d2-42a6-4a35-9ad0-d92cf05fd375",
  "generated_utc": "2026-06-28T08:53:29.880772+00:00"
}