{
  "total_duration_sec": 0.72,
  "rows_input": 264,
  "rows_output": 264,
  "rows_dlq": 0,
  "error_rate": 0.0,
  "overall_rows_per_sec": 367.9,
  "stages": {
    "extract": {
      "start": 63.687301839,
      "duration_sec": 0.383,
      "rows": 264,
      "rows_per_sec": 688.8
    },
    "load": {
      "start": 64.104361186,
      "duration_sec": 0.025,
      "rows": 264,
      "rows_per_sec": 10557.6
    }
  },
  "pipeline_id": "b8c01d84-f410-4583-b15b-4da53ff1dad8",
  "generated_utc": "2026-07-17T08:11:00.304181+00:00"
}