{
  "total_duration_sec": 0.86,
  "rows_input": 204,
  "rows_output": 204,
  "rows_dlq": 0,
  "error_rate": 0.0,
  "overall_rows_per_sec": 236.2,
  "stages": {
    "extract": {
      "start": 127.060681023,
      "duration_sec": 0.421,
      "rows": 204,
      "rows_per_sec": 484.3
    },
    "load": {
      "start": 127.518080773,
      "duration_sec": 0.02,
      "rows": 204,
      "rows_per_sec": 10101.2
    }
  },
  "pipeline_id": "3e0b4b86-e65a-47d8-9099-df8d5c995d41",
  "generated_utc": "2026-06-30T09:37:28.425797+00:00"
}