{
  "total_duration_sec": 1.51,
  "rows_input": 286,
  "rows_output": 286,
  "rows_dlq": 0,
  "error_rate": 0.0,
  "overall_rows_per_sec": 189.7,
  "stages": {
    "extract": {
      "start": 96.922590751,
      "duration_sec": 0.641,
      "rows": 286,
      "rows_per_sec": 446.4
    },
    "load": {
      "start": 97.827751021,
      "duration_sec": 0.019,
      "rows": 286,
      "rows_per_sec": 15308.5
    }
  },
  "pipeline_id": "3f8336a7-c945-429a-940f-12f6444e4861",
  "generated_utc": "2026-07-18T07:51:05.553817+00:00"
}