{
  "total_duration_sec": 1.05,
  "rows_input": 258,
  "rows_output": 258,
  "rows_dlq": 0,
  "error_rate": 0.0,
  "overall_rows_per_sec": 246.1,
  "stages": {
    "extract": {
      "start": 122.311704444,
      "duration_sec": 0.445,
      "rows": 258,
      "rows_per_sec": 579.9
    },
    "load": {
      "start": 122.782383197,
      "duration_sec": 0.016,
      "rows": 258,
      "rows_per_sec": 15808.9
    }
  },
  "pipeline_id": "c69fee74-f8aa-4a53-83f1-5fa5bbc974b5",
  "generated_utc": "2026-07-01T09:48:49.024236+00:00"
}