{
  "total_duration_sec": 0.74,
  "rows_input": 222,
  "rows_output": 222,
  "rows_dlq": 0,
  "error_rate": 0.0,
  "overall_rows_per_sec": 300.6,
  "stages": {
    "extract": {
      "start": 147.799119897,
      "duration_sec": 0.407,
      "rows": 222,
      "rows_per_sec": 545.4
    },
    "load": {
      "start": 148.238099007,
      "duration_sec": 0.02,
      "rows": 222,
      "rows_per_sec": 10970.2
    }
  },
  "pipeline_id": "5ff64898-607b-4739-b7fa-ed89291e7cb8",
  "generated_utc": "2026-07-04T08:38:17.054664+00:00"
}