{
  "total_duration_sec": 0.74,
  "rows_input": 223,
  "rows_output": 223,
  "rows_dlq": 0,
  "error_rate": 0.0,
  "overall_rows_per_sec": 301.5,
  "stages": {
    "extract": {
      "start": 63.772396623,
      "duration_sec": 0.392,
      "rows": 223,
      "rows_per_sec": 569.3
    },
    "load": {
      "start": 64.199696159,
      "duration_sec": 0.022,
      "rows": 223,
      "rows_per_sec": 10124.1
    }
  },
  "pipeline_id": "af3d4f00-7755-4ad3-a711-1b647a2f4af8",
  "generated_utc": "2026-07-19T08:19:27.402260+00:00"
}