{
  "total_duration_sec": 1.49,
  "rows_input": 279,
  "rows_output": 279,
  "rows_dlq": 0,
  "error_rate": 0.0,
  "overall_rows_per_sec": 187.0,
  "stages": {
    "extract": {
      "start": 177.356937422,
      "duration_sec": 0.431,
      "rows": 279,
      "rows_per_sec": 647.1
    },
    "load": {
      "start": 177.808867637,
      "duration_sec": 0.014,
      "rows": 279,
      "rows_per_sec": 19637.6
    }
  },
  "pipeline_id": "c8bde14a-2658-49e5-96a4-7ada528ea013",
  "generated_utc": "2026-07-02T08:57:46.990784+00:00"
}