{
  "total_duration_sec": 0.94,
  "rows_input": 221,
  "rows_output": 221,
  "rows_dlq": 0,
  "error_rate": 0.0,
  "overall_rows_per_sec": 234.8,
  "stages": {
    "extract": {
      "start": 63.340081289,
      "duration_sec": 0.413,
      "rows": 221,
      "rows_per_sec": 535.5
    },
    "load": {
      "start": 63.785355425,
      "duration_sec": 0.023,
      "rows": 221,
      "rows_per_sec": 9567.8
    }
  },
  "pipeline_id": "cd660784-bfa2-441e-9b2a-70424eb9f2af",
  "generated_utc": "2026-07-13T09:28:33.048393+00:00"
}